component,size,quantile,oracle_actual,R_pred_head_mean,C_pred_head_mean,n_states,n_tokens
excursion,0p5,q10,1.03,1.0069,1.0455,11981,305
excursion,0p5,q25,1.0628,1.0399,1.1255,11981,305
excursion,0p5,q50,1.2458,1.276,1.4043,11981,305
excursion,0p5,q75,1.8298,1.6229,2.1178,11981,305
excursion,0p5,q90,3.0608,2.2822,3.6228,11981,305
excursion,1p0,q10,0.968,0.9249,0.9985,11981,305
excursion,1p0,q25,1.0268,1.0014,1.0762,11981,305
excursion,1p0,q50,1.2053,1.1987,1.3292,11981,305
excursion,1p0,q75,1.6886,1.5446,1.9567,11981,305
excursion,1p0,q90,2.9281,2.1658,3.2504,11981,305
excursion,2p0,q10,0.8607,0.8525,0.9166,11981,305
excursion,2p0,q25,0.9369,0.9027,0.984,11981,305
excursion,2p0,q50,1.1087,1.1289,1.2259,11981,305
excursion,2p0,q75,1.5922,1.436,1.781,11981,305
excursion,2p0,q90,2.6693,1.9386,2.8265,11981,305
retention_exec_1p0,1p0,q10,0.0795,0.3127,0.3185,11981,305
retention_exec_1p0,1p0,q25,0.2138,0.4257,0.396,11981,305
retention_exec_1p0,1p0,q50,0.525,0.5409,0.4989,11981,305
retention_exec_1p0,1p0,q75,0.763,0.6611,0.6339,11981,305
retention_exec_1p0,1p0,q90,0.9388,0.8342,0.7841,11981,305
reach_prob,1p0,prob,0.0239,0.1017,0.1105,96868,323
