component,size,region,n_states,n_tokens,realized,R_sep,R_ci_lo,R_ci_hi,R_sig,C_sep,C_ci_lo,C_ci_hi
excursion,0p5,0-180s,434,220,realized mfe_exec_mult_0p5 (x),0.0421,-0.8354,0.9353,False,-0.4116,-1.2904,0.4954
excursion,0p5,180-900s,1364,264,realized mfe_exec_mult_0p5 (x),-0.2941,-0.6044,0.0267,False,0.3199,-0.1037,0.7452
excursion,0p5,900-3600s,2498,246,realized mfe_exec_mult_0p5 (x),-0.1454,-0.622,0.2992,False,0.4046,-0.1095,0.9145
excursion,0p5,>=3600s,7685,197,realized mfe_exec_mult_0p5 (x),0.2837,-0.0785,0.5804,False,0.0585,-0.2909,0.3362
excursion,0p5,ALL,11981,305,realized mfe_exec_mult_0p5 (x),0.2025,-0.074,0.5336,False,0.2753,-0.0379,0.5731
excursion,1p0,0-180s,434,220,realized mfe_exec_mult_1p0 (x),-0.4059,-1.137,0.3201,False,0.2401,-0.5017,0.8758
excursion,1p0,180-900s,1364,264,realized mfe_exec_mult_1p0 (x),-0.0435,-0.47,0.2923,False,0.2803,-0.0811,0.7389
excursion,1p0,900-3600s,2498,246,realized mfe_exec_mult_1p0 (x),0.1293,-0.3395,0.5708,False,0.096,-0.9243,0.7463
excursion,1p0,>=3600s,7685,197,realized mfe_exec_mult_1p0 (x),0.3568,0.0116,0.606,True,0.1227,-0.1902,0.4291
excursion,1p0,ALL,11981,305,realized mfe_exec_mult_1p0 (x),0.3911,0.1436,0.6555,True,0.3102,-0.0828,0.65
excursion,2p0,0-180s,434,220,realized mfe_exec_mult_2p0 (x),-0.0089,-0.6087,0.604,False,0.2255,-0.3162,0.8622
excursion,2p0,180-900s,1364,264,realized mfe_exec_mult_2p0 (x),0.0949,-0.1921,0.3734,False,0.3828,0.0424,0.7361
excursion,2p0,900-3600s,2498,246,realized mfe_exec_mult_2p0 (x),0.0761,-0.2944,0.463,False,0.2424,-0.3588,0.6738
excursion,2p0,>=3600s,7685,197,realized mfe_exec_mult_2p0 (x),0.4332,0.196,0.6708,True,0.2447,-0.0262,0.5042
excursion,2p0,ALL,11981,305,realized mfe_exec_mult_2p0 (x),0.4821,0.26,0.6505,True,0.3956,0.0516,0.6564
reach_prob,1p0,0-180s,568,260,realized reach-2x rate (mfe_exec_1p0>=2),-0.0263,-0.1096,0.0766,False,0.1211,0.0106,0.2057
reach_prob,1p0,180-900s,1968,318,realized reach-2x rate (mfe_exec_1p0>=2),0.1082,0.022,0.1887,True,0.1387,0.0614,0.2162
reach_prob,1p0,900-3600s,4326,323,realized reach-2x rate (mfe_exec_1p0>=2),0.1567,0.1011,0.2248,True,0.1956,0.1425,0.2548
reach_prob,1p0,>=3600s,90006,323,realized reach-2x rate (mfe_exec_1p0>=2),0.0402,0.027,0.0546,True,0.0402,0.0279,0.055
reach_prob,1p0,ALL,96868,323,realized reach-2x rate (mfe_exec_1p0>=2),0.0716,0.0564,0.0897,True,0.0716,0.0548,0.0896
retention,1p0,0-180s,434,220,realized retention_exec_1p0,0.1485,0.0579,0.2576,True,-0.0008,-0.169,0.1249
retention,1p0,180-900s,1364,264,realized retention_exec_1p0,0.2253,0.1213,0.3423,True,0.1596,0.0779,0.2455
retention,1p0,900-3600s,2498,246,realized retention_exec_1p0,0.3162,0.2505,0.3795,True,0.267,0.0976,0.3727
retention,1p0,>=3600s,7685,197,realized retention_exec_1p0,0.3713,0.2764,0.438,True,0.3097,0.2214,0.3884
retention,1p0,ALL,11981,305,realized retention_exec_1p0,0.4841,0.4226,0.5416,True,0.4557,0.3786,0.5195
